behavior_type,path_length,displacement,straightness,traj_avg_speed,stop_rate,direction_change_rate
0,9.843590256881573,9.843560724978623,0.9999969817835422,1.0937322507646192,0.07611875063040043,0.02468554692607411
1,8.225868630173387,8.225821839341485,0.9999942492598622,0.9139854033525988,0.07619027924257778,0.03740237538860282
2,9.631827448348288,9.631796666719765,0.9999967625156458,1.0702030498164765,0.07888443999555111,0.24888777666555445
3,8.850713819506465,8.846081021415666,0.9994763010663951,0.9834126466118295,0.04773082942097027,0.03755868544600939
